,index,1st Max,2nd Max,3rd Max,4th Max,5th Max
0,0,multimodal,meta,mmaml,maml,tasks
1,1,language,vision,visual,vilbert,tasks
2,2,sse,embeddings,regularization,embedding,stochastically
3,3,ego,monocular,motion,scale,video
4,4,unseen,classes,seen,datapoints,generating
5,5,ai,human,delegation,preferences,delegability
6,6,self,attention,stand,vision,convolutions
7,7,video,frames,modeling,inductive,question
8,8,dynamics,object,unstructured,keypoint,keypoints
9,9,tensorpipe,parallelism,pipelining,scaling,accelerators
10,10,loop,inner,implicit,meta,maml
11,11,features,examples,existence,adversarial,misalignment
12,12,social,scene,multimodal,trajectory,interactions
13,13,freeanchor,anchors,anchor,iou,match
14,14,private,hypothesis,alpha,varepsilon,classes
15,15,mixture,private,separated,parameters,algorithm
16,16,sensitivity,mean,noise,trimmed,instance
17,17,supervision,sources,weak,dugong,resolution
18,18,saliency,labels,handcrafted,unsupervised,pseudo
19,19,manipulated,g_r,g_a,image,fake
20,20,textbf,adversarial,adversary,yopo,training
21,21,lfo,lfd,disagreement,inverse,gap
22,22,sw,wasserstein,estimators,mede,asymptotic
23,23,gsw,sw,distance,distances,wasserstein
24,24,sgd,discretization,tailed,behavior,heavy
25,25,sr,lr,downscaling,image,kernel
26,26,sensitive,fairness,noise,tolerance,identity
27,27,protection,gan,generalization,privacy,leakage
28,28,supervised,tracking,correspondence,self,grained
29,29,estimators,variational,guarantees,variance,unimprovable
30,30,vi,posterior,likelihood,carlo,monte
31,31,forgetting,replay,experience,continual,clear
32,32,expressivity,patterns,activation,networks,relu
33,33,navigation,instruction,location,goal,vln
34,34,red,denoising,priors,coordinate,block
35,35,svre,extragradient,gan,reduced,batch
36,36,kbar,tests,log,nodes,indicating
37,37,wae,gans,gan,vae,primal
38,38,mussp,mot,min,flow,cost
39,39,category,domain,uda,cag,features
40,40,invert,inverse,reconstruction,iterative,memory
41,41,deferred,equity,stable,acceptance,matching
42,42,segmentation,zero,pascal,shot,semantic
43,43,attack,metric,robustness,adversarial,representation
44,44,disn,3d,view,images,signed
45,45,batched,armed,bandits,multi,regret
46,46,community,vgraph,node,communities,nodes
47,47,regression,privacy,differentially,private,linear
48,48,sentence,scdm,contents,video,grounding
49,49,dae,parameter,denoising,autoencoder,priors
50,50,view,views,multi,versatility,cpm
51,51,semantic,images,layouts,generator,maps
52,52,content,web,remote,change,changes
53,53,scd,parallel,coordinate,syscd,cpu
54,54,variational,hierarchical,inference,family,expressivity
55,55,newton,randomized,sketching,method,karimireddy
56,56,ppo,trust,region,policy,exploration
57,57,translation,amplitude,adversarial,cycle,self
58,58,svrg,practice,analysis,loop,inner
59,59,error,gaussian,uniform,safe,derive
60,60,style,etnet,error,stylized,correction
61,61,stuck,poor,embedding,minima,manifold
62,62,deq,equilibrium,deqs,models,sequence
63,63,attention,saccader,hard,image,difficult
64,64,multiway,tensor,block,clustering,identifying
65,65,outcomes,vectorial,objectives,wolfe,frank
66,66,nat,architectures,architecture,operations,searched
67,67,outcome,prescriptive,randomized,distributionally,regression
68,68,pruned,pruning,network,channel,sizes
69,69,cloth,differentiable,inverse,contacts,modeling
70,70,prgds,gamma,poisson,motif,latent
71,71,volumetric,sota,stereo,flow,optical
72,72,templates,template,alignment,voxelmorph,deformable
73,73,flrml,rank,metric,low,numbers
74,74,norm,symmetric,orlicz,cdot,mmc
75,75,vqa,biases,question,answering,rubi
76,76,scene,action,basketball,bias,human
77,77,vanishing,conic,convolution,operator,neurvps
78,78,searching,validating,architecture,egs,differentiable
79,79,text,leicagan,priors,image,phase
80,80,light,field,detection,oriented,saliency
81,81,au,recognition,face,facial,multi
82,82,densepose,uncertainty,correspondences,annotations,dense
83,83,powerset,set,shifts,convolutions,cnns
84,84,pricing,price,seller,myerson,posted
85,85,textbf,adfs,decentralized,proximal,accelerated
86,86,voxel,pvcnn,memory,3d,pointnet
87,87,weight,transport,feedback,path,synaptic
88,88,feedback,subsets,regret,subset,relative
89,89,aggregated,incremental,convergence,general,proximal
90,90,cycles,cycle,dense,maps,correspondences
91,91,facial,separates,appearance,represents,shape
92,92,adaptation,armed,bandits,polynomial,reconsider
93,93,gpn,meta,prototypes,prototype,shot
94,94,secretary,elements,inversions,ranking,rank
95,95,event,processes,regressive,point,events
96,96,copinet,pictures,thinking,reasoning,ability
97,97,embedding,aspect,manifold,success,smooth
98,98,rdmm,registration,diffeomorphic,spatio,spatially
99,99,truth,representatives,ground,facility,representation
100,100,scene,srns,scenes,3d,appearance
101,101,returns,replay,td,return,transitions
102,102,correlation,batch,strategy,size,rate
103,103,mdps,regret,dependent,gap,episodic
104,104,recomputation,memory,consumption,backpropagation,reduce
105,105,noise,label,meta,constructing,heterogeneous
106,106,decentralized,networked,marl,control,agent
107,107,sized,padding,kernels,symmetric,convolutions
108,108,signal,distortion,tradeoff,restored,perceptual
109,109,decentralised,distributed,statistical,iterations,parametric
110,110,pi_t,epoch,roughly,online,algorithm
111,111,envy,free,freeness,division,classification
112,112,deeprole,avalon,agent,game,games
113,113,classifier,synthesis,robustness,crux,toolkit
114,114,atmc,compression,robustness,model,accuracy
115,115,channel,c3,layer,neuron,neurons
116,116,condconv,efficientnet,convolutions,convolutional,tensorflow
117,117,symbolic,planning,plan,long,horizon
118,118,gan,ac,tac,auxiliary,diversity
119,119,graph,generation,condgen,semantic,structures
120,120,policy,continuous,gac,distribution,actor
121,121,frequencies,frequency,concave,sublinear,keys
122,122,deliberative,explanations,insecurities,difficulty,network
123,123,conformal,homotopy,hat,prediction,set
124,124,shift,loudly,shifts,tend,ml
125,125,level,hrl,low,skills,auxiliary
126,126,view,mvrl,observation,multi,environments
127,127,rpn,cascade,anchors,proposal,region
128,128,diffusion,distance,segmentation,resolution,spec
129,129,dnns,weights,norms,manifolds,upper
130,130,sure,denoisers,truth,realizations,ground
131,131,energy,minima,inverse,continuous,characterises
132,132,prototypes,prototype,hyperspherical,output,regression
133,133,tensor,factorizations,expressive,power,quantum
134,134,hypergcn,hypergraphs,hypergraph,ssl,relationships
135,135,ssrgd,stationary,epsilon,points,order
136,136,minibatch,hypothesis,meta,maml,prior
137,137,monotonic,transformations,umnn,invertible,unconstrained
138,138,neighbor,retrieval,image,separation,manifold
139,139,weighting,margin,imbalanced,imbalance,loss
140,140,regret,player,stackelberg,utility,learner
141,141,dags,acyclic,graph,directed,passing
142,142,documents,transport,topics,distance,modeled
143,143,pieces,observation,nonstationary,gp,hyper
144,144,normalization,theme,pono,normalize,positional
145,145,adversarial,images,weakness,strength,adversary
146,146,interpolation,video,frame,flow,motion
147,147,resnets,ifgsm,feynman,kac,bf
148,148,scene,scenes,hallucinations,observations,autonomous
149,149,auxiliary,task,maxl,labels,generalisation
150,150,denoising,blind,image,vdn,noise
151,151,group,parameters,lasso,groups,sparse
152,152,tree,learnable,details,filter,filtering
153,153,phenomenon,plateau,mechanical,statistical,dispersed
154,154,entorhinal,hippocampal,associative,associations,grid
155,155,mri,dc,dilated,step,dense
156,156,variance,application,optimization,ineffectiveness,svrg
157,157,accelerated,agm,curved,ode,manifold
158,158,marginal,domain,mwgan,multi,wasserstein
159,159,critic,actor,pessimistic,actions,exploration
160,160,ir,resampling,importance,wis,updates
161,161,active,counterfactual,label,risk,amenable
162,162,maml,meta,reviewers,added,clear
163,163,scattering,adversarial,attacks,leaking,training
164,164,phate,visualization,visualizations,hidden,validation
165,165,classifiers,coos,covariate,cells,image
166,166,tensor,nonconvex,rank,completion,statistical
167,167,obd,costs,hitting,movement,competitive
168,168,gating,channel,hardware,accelerator,4x
169,169,grow,self,layer,organization,grown
170,170,transfer,bss,spectral,tuning,negative
171,171,weighting,function,weight,imbalance,proper
172,172,vssi,cap,captions,captioning,encoder
173,173,goals,uvfa,landmark,value,universal
174,174,transnorm,transferability,dnns,transferable,normalization
175,175,string,deep,bit,biased,random
176,176,advice,search,architecture,expert,achieves
177,177,cnn,viewpoint,binocular,cnns,generalizability
178,178,policy,objective,geoff,emphatic,generalized
179,179,critic,option,dac,actor,options
180,180,hyperbolic,embeddings,tiling,poincar,numerical
181,181,level,sets,clouds,surfaces,network
182,182,pursuit,matching,blended,rates,linear
183,183,milder,condition,global,training,parameterization
184,184,manipulate,attributes,generation,image,generator
185,185,homophilic,textual,embeddings,variational,vhe
186,186,mode,coverage,statistical,rethinking,global
187,187,kappa,epsilon,concave,frac,uld
188,188,ebu,episode,episodic,backward,update
189,189,intensity,function,rnn,model,point
190,190,pruning,filter,gate,scaling,decorator
191,191,social,workers,reviews,worker,discrimination
192,192,wl,stronger,graph,passing,message
193,193,mre,expected,machines,samples,error
194,194,icp,diversified,parts,representations,information
195,195,solver,geno,solvers,generic,classical
196,196,conditional,testing,hypothesis,power,genetic
197,197,transition,function,episodes,feedback,bandit
198,198,slrt,split,tree,partitioning,segmented
199,199,transformer,attention,language,tensor,decomposition
200,200,worse,false,tests,declared,positive
201,201,individual,differences,rnns,behavior,making
202,202,frames,subnet,video,recognition,action
203,203,csc,dictionary,patch,model,suggest
204,204,kmc,al,boundaries,kernel,data
205,205,limb,link,agent,morphologies,agents
206,206,arrow,observers,human,causal,additive
207,207,policy,dualdice,discounted,algorithm,dataset
208,208,codes,message,bch,block,decoders
209,209,ln,mdp,rewards,tau,modified
210,210,shape,views,multiview,3d,surface
211,211,contextual,residual,parametric,valuation,seller
212,212,submodular,maximization,interlaced,greedy,deterministic
213,213,initialization,isometry,field,mean,ensembles
214,214,information,measures,divergence,liu,computational
215,215,spiderboost,spider,oracle,composite,nonconvex
216,216,privacy,estimator,mechanisms,minimax,samples
217,217,activations,memory,propagation,storing,training
218,218,truth,ground,blind,image,measurements
219,219,landmark,facial,detection,deep,structured
220,220,theoretic,information,mdps,confidence,environment
221,221,anomaly,domain,normal,instances,target
222,222,hat,_f,squares,total,rank
223,223,park,rl,systems,platform,12
224,224,treatment,ﬁrst,estimation,adaptations,effects
225,225,exploration,unseen,environments,software,graph
226,226,conformal,covariate,prediction,weighted,methodology
227,227,le,approximation,ge,ratio,bi
228,228,asymmetric,valleys,ﬂat,minima,local
229,229,cloud,compression,pu,unlabeled,positive
230,230,functional,eeg,estimation,graphical,dimensional
231,231,calibration,rejection,multiclass,bayes,losses
232,232,person,video,controller,demonstration,intended
233,233,stagewise,sgd,error,training,pl
234,234,options,case,worst,average,cvar
235,235,non,convex,smooth,spg,regularized
236,236,rho,gd,integral,operator,parameterized
237,237,queries,retrieval,image,interactive,scenes
238,238,hfr,heterogeneous,paired,dual,images
239,239,dnw,discovering,connectivity,wirings,subnetworks
240,240,perturbations,weibull,sub,perturbation,adversarial
241,241,knowledge,kegnet,distillation,data,observable
242,242,pac,heavy,risk,estimator,derive
243,243,excitation,shot,query,seen,proposals
244,244,quaternion,hypercomplex,entities,embeddings,relations
245,245,chinese,glyph,character,nlp,pictographic
246,246,codes,turboae,canonical,channel,channels
247,247,reasoning,visual,paths,graph,hgl
248,248,watershed,spanning,node,walker,seeded
249,249,components,reasoning,classification,probabilistic,decision
250,250,causal,calculus,identifying,relations,csi
251,251,abductive,reasoning,logical,ai,machine
252,252,sqrt,bound,tilde,regret,cite
253,253,incremental,version,em,algorithm,step
254,254,decentralized,proximal,smooth,convergence,term
255,255,trajectory,denoising,optimization,environment,leads
256,256,hierarchical,vaes,latent,topology,prior
257,257,arm,reward,arms,epsilon,pay
258,258,iml,safe,decisions,unsafe,interactive
259,259,tcp,failure,confidence,mcp,criterion
260,260,combo,combinatorial,graph,cartesian,bo
261,261,interpretation,manipulation,fooled,explanations,fooling
262,262,lazy,phenomenon,parameterized,training,neural
263,263,quality,gan,assessment,image,regularizers
264,264,copula,variational,densities,hypercube,marginals
265,265,adapts,minimax,squares,signal,implicit
266,266,private,mu,round,locally,solutions
267,267,translation,multi,image,domain,modal
268,268,areal,sets,data,multivariate,gp
269,269,autoregressive,models,translation,sequence,decoding
270,270,pose,frames,frame,annotations,posewarper
271,271,end,module,isolated,modules,deep
272,272,gromov,graph,partitioning,wasserstein,matching
273,273,shot,grained,fine,images,recognition
274,274,real,time,mdps,critic,actor
275,275,counterfactual,rmac,agents,utility,actions
276,276,gp,dnns,kernel,dnn,gaussian
277,277,signature,transform,stream,transforms,deep
278,278,left,right,regret,individual,nonstochastic
279,279,nonconvex,safe,surrogate,policy,optimization
280,280,odes,neural,augmented,topology,ordinary
281,281,multinomial,item,regret,contextual,worst
282,282,ed,eigendecomposition,backpropagation,numerically,normalization
283,283,mel,spectrogram,speech,tts,end
284,284,ultrametric,fitting,hierarchical,cost,clustering
285,285,principal,samples,agent,strategically,obtains
286,286,dynamics,choice,implicit,rank,discrete
287,287,sets,predicting,objects,set,predict
288,288,dpp,dpps,dppnet,dissimilarity,determinantal
289,289,marl,communication,agents,variance,messages
290,290,lyapunov,control,falsifier,robot,learner
291,291,recourse,solution,time,facility,location
292,292,superglue,benchmark,year,glue,language
293,293,graph,semi,supervised,labels,samples
294,294,nsm,stochasticity,substrate,normalization,nsms
295,295,outcomes,test,noisy,approximation,hypothesis
296,296,curvature,meta,maml,mc,generalization
297,297,snis,dr,boundedness,estimators,ope
298,298,qap,matching,beckmann,qaps,lawler
299,299,transfer,medical,imaging,reuse,feature
300,300,adversarial,training,attacks,pgd,examples
301,301,communication,gradient,aggregated,quantized,laq
302,302,logic,order,reason,queries,formulas
303,303,gram,recurrent,lstm,gated,filters
304,304,fairness,causality,notions,pc,based
305,305,arbicon,geometric,net,image,transformation
306,306,interventions,personalized,individual,disparate,sensitivity
307,307,scores,risk,xauc,predictive,ranking
308,308,hype,human,outputs,eye,generative
309,309,expansion,hbeta,eta,order,beta
310,310,privacy,differential,bounded,capacity,output
311,311,bvi,mixture,ubvi,component,boosting
312,312,sgd,classifier,increasing,initial,hypothesis
313,313,risk,population,landscape,empirical,degenerate
314,314,deletion,data,ml,means,individual
315,315,privacy,elements,domain,algorithms,user
316,316,conformal,quantile,intervals,conformalized,regression
317,317,ts,policies,horizon,endpoints,mab
318,318,gmm,instrumental,dimensional,effects,causal
319,319,models,sample,specific,predictive,localized
320,320,dance,music,dancing,beat,movements
321,321,lottery,signs,lt,ticket,weights
322,322,ebms,energy,implicit,models,likelihood
323,323,training,lca,loss,hurt,parameters
324,324,media,visual,stage,news,sources
325,325,gnn,qia,propagation,editing,image
326,326,distances,medoid,halving,bandit,obtained
327,327,lower,sgd,bound,sizes,expected
328,328,srht,regression,methods,sketching,projections
329,329,skills,primitives,recombined,mcp,composable
330,330,unary,potentials,labels,exact,graphs
331,331,coda,decompilation,binary,program,code
332,332,bat,3d,ultrasound,resolution,bats
333,333,line,search,sgd,armijo,interpolation
334,334,ctbn,structures,structure,mixture,incomplete
335,335,text,secure,classification,personal,texts
336,336,estimating,erdos,renyi,private,node
337,337,clustering,series,temporal,seq2seq,sequence
338,338,calibration,scaling,binning,calibrated,histogram
339,339,causal,bayes,normative,inference,factor
340,340,keypoints,future,detected,frames,videos
341,341,box,black,subspaces,reference,promising
342,342,hmc,srvr,gradient,stochastic,variance
343,343,event,markers,sequences,latent,high
344,344,tail,dependence,assets,multivariate,financial
345,345,principal,projection,component,svrg,asymmetric
346,346,coding,compression,flow,types,lengths
347,347,echo,noise,compression,rate,exact
348,348,abnormal,ranking,partial,signals,lbi
349,349,pose,3d,viewpoints,triangulation,2d
350,350,g_r,quantization,quantized,g_q,metaquant
351,351,metric,stylegan,variants,identify,estimate
352,352,dro,distributionally,drlr,shelf,solvers
353,353,crops,scene,objects,image,pastegan
354,354,noise,lasso,measurements,concomitant,smoothing
355,355,index,tree,preference,recommendation,user
356,356,placement,placeto,placements,device,generalizable
357,357,uncoupled,regression,pairwise,comparison,data
358,358,shot,cross,attention,unlabeled,unseen
359,359,mathbf,x_i,mb,deconvolution,blind
360,360,scan,networks,sections,neural,shallow
361,361,clustering,bethe,article,graphs,hessian
362,362,teaching,concepts,learner,app,forgetful
363,363,rank,uv,regularized,low,sharper
364,364,assumptions,estimation,estimator,works,case
365,365,gnns,ratios,approximation,combinatorial,coloring
366,366,thinning,processes,point,thinned,accelerating
367,367,prior,vaes,generative,gans,ring
368,368,dp,chain,acceptance,privacy,markov
369,369,saliency,fullgrad,sensitivity,nets,representation
370,370,quantum,means,algorithm,machine,classical
371,371,learner,teaching,preferences,teacher,aware
372,372,fisher,empirical,second,descent,order
373,373,images,microstructure,flow,image,growth
374,374,proof,inequalities,systems,proofs,polynomial
375,375,dilate,forecasting,shape,dtw,loss
376,376,attention,graph,conditions,supervised,gnns
377,377,influential,instances,models,cleansing,sgd
378,378,distance,metric,cdml,curvilinear,straight
379,379,embedding,propositional,symbolic,knowledge,connection
380,380,hierarchy,confounder,distribution,networks,modeling
381,381,graph,block,orderings,generated,quality
382,382,alternating,factorization,bregman,bpg,inertial
383,383,bilinear,transformation,grained,fine,dbt
384,384,principles,optimiser,bayesian,practical,deep
385,385,language,gans,maximum,likelihood,scratch
386,386,mcmc,pseudo,posterior,extended,sampler
387,387,privacy,subsample,aggregate,differential,accountants
388,388,wql,barycenters,wasserstein,uncertainty,tabular
389,389,explore,combining,resynthesis,resynthesised,synthesised
390,390,value,avfs,functions,auxiliary,usefulness
391,391,source,classifier,training,dogs,pre
392,392,layernorm,normalization,gain,adanorm,bias
393,393,ucl,regularization,continual,additional,learning
394,394,reward,liir,intrinsic,marl,agent
395,395,sleep,time,physiological,segmentation,series
396,396,sinkhorn,nyström,distance,requirements,distances
397,397,quantization,double,asylpg,communication,accelerated
398,398,acyclic,score,directed,nonconvex,dimensions
399,399,poincaré,relational,embeddings,hyperbolic,möbius
400,400,diplomacy,press,agent,sl,cooperative
401,401,aggregation,state,transition,disaggregation,meta
402,402,influence,proxy,disentangled,features,outcomes
403,403,psrl,rvf,exploration,su,successor
404,404,encrypted,encryption,partially,functional,privacy
405,405,regret,decentralized,arm,agents,cooperative
406,406,entropic,ot,measures,2019,theorem
407,407,neural,gmms,hidden,nodes,functions
408,408,metastable,state,embedding,experiment,transition
409,409,point,cloud,semantic,global,local
410,410,wishart,processes,covariance,inverse,modification
411,411,instrumental,kiv,regression,variable,2sls
412,412,disentangled,symmetry,symmetries,representation,environment
413,413,hyperparameter,hoof,policy,gradient,schedules
414,414,tasks,configuration,offline,nature,optimize
415,415,tiered,hiring,screenings,resume,visits
416,416,series,time,length,multivariate,scalable
417,417,eeg,fmri,connectivity,latent,rois
418,418,optimization,clusternet,end,proxy,entirely
419,419,traits,games,behavior,distinguishable,designed
420,420,smoothing,label,targets,network,distillation
421,421,rate,time,learning,bounds,finite
422,422,dnn,ownership,verification,passports,ambiguity
423,423,extracellular,amortized,spike,variational,localization
424,424,texttt,nnz,a_i,cdots,bar
425,425,bx,massart,halfspaces,disjunctions,noise
426,426,frequency,frequencies,functions,bias,shallow
427,427,auxiliary,tasks,reinforcement,task,different
428,428,arm,arms,log,scheduling,delays
429,429,em,concave,squares,convergence,densities
430,430,buyer,varepsilon,economic,surplus,prior
431,431,fusion,source,robustness,noise,single
432,432,confounders,latent,outcome,regardless,evaluation
433,433,series,deepglo,forecasting,dimensional,time
434,434,shot,modalities,modality,visual,modal
435,435,spectral,graph,cuts,clustering,cut
436,436,hyperbolic,gcns,embeddings,hgcn,euclidean
437,437,active,policy,search,cost,nonmyopic
438,438,bonus,scal,exploration,horizon,mdps
439,439,fp8,hfp8,bit,dnn,degradation
440,440,adversary,robustness,ensemble,guarantees,bounded
441,441,gibbs,minibatching,minibatched,sampling,poisson
442,442,winning,ticket,initializations,tickets,optimizers
443,443,embedding,extreme,based,overfitting,regularizer
444,444,fair,groups,protected,clustering,define
445,445,gmfg,gmf,learning,convergence,games
446,446,mcus,cnns,memory,mcu,iot
447,447,molecular,vertex,bond,spectroscopy,structure
448,448,metaconcepts,color,visual,red,concepts
449,449,vid2vid,video,videos,human,limitations
450,450,nsl,similarity,neural,inner,convolution
451,451,ordered,memory,bowman,et,al
452,452,mixmatch,labeled,unlabeled,semi,supervised
453,453,novelty,detection,quantile,multivariate,recent
454,454,parallel,submodular,selection,submodularity,runtime
455,455,phyre,puzzles,physical,reasoning,physics
456,456,selected,estimator,beta,regression,alpha
457,457,regularizers,rank,group,matrix,factor
458,458,point,processes,excitatory,mutually,process
459,459,frequency,frequencies,imaging,estimation,signal
460,460,energy,savings,training,cnns,dropping
461,461,ode,coupled,discretization,framework,residual
462,462,varepsilon,frac,space,entropy,intervals
463,463,agents,human,humans,play,coordination
464,464,regret,form,minimizer,extensive,minimization
465,465,contextual,delay,ucb,bandits,generalized
466,466,concentration,concentrated,measuring,actual,empirically
467,467,dilated,optimistic,game,cfr,regret
468,468,mcmc,short,run,convergent,synthesized
469,469,transformer,forecasting,series,memory,locality
470,470,influence,effect,groups,effects,functions
471,471,voice,faces,face,profiling,speaker
472,472,classes,recognize,attractor,novel,set
473,473,biases,peer,alarm,review,false
474,474,person,reid,identity,features,pose
475,475,drivers,fairness,ridesourcing,requests,efficiency
476,476,ode,rnns,irregularly,odes,latent
477,477,cfcnet,correlation,depth,rgb,completion
478,478,similar,denoising,similarity,labels,network
479,479,submodularity,sequence,adaptive,sequential,recommending
480,480,weight,architectures,network,neural,perform
481,481,forward,world,agent,predictive,model
482,482,gradients,igt,staleness,past,variance
483,483,classifiers,ultimately,facial,human,biased
484,484,scmd,outputting,individual,solutions,iterate
485,485,ranking,ltr,fairness,fair,items
486,486,policy,ope,environment,rl,world
487,487,base,gb,predictors,boosting,emph
488,488,simulators,probabilistic,inference,simulator,execution
489,489,collaborative,filtering,mrfs,items,accuracy
490,490,reproducibility,reproducible,code,independently,paper
491,491,global,optimization,turbo,problems,bayesian
492,492,series,time,supervised,dynamics,realistic
493,493,language,transformer,parallelism,ouroboros,model
494,494,margin,forest,casdf,textsc,ratio
495,495,drl,ssl,unlabeled,role,semi
496,496,decompositions,modules,decomposition,tensor,cnns
497,497,adaptive,method,proposed,empirical,mnist
498,498,adaptive,influence,greedy,spread,myopic
499,499,cnns,cr,quantization,compression,18
500,500,logical,kb,reasoning,srl,quantum
501,501,markovian,iid,stop,track,arm
502,502,lavi,anchor,value,errors,linear
503,503,mdp,value,policy,horizon,function
504,504,normalizing,jacobian,transforms,flow,flows
505,505,stochastic,variational,latent,framework,optimization
506,506,topology,betti,segmentation,topological,preserving
507,507,cognition,visual,connectivity,vcr,commonsense
508,508,latency,decoding,online,markov,chain
509,509,reinforcement,exploration,strategy,problems,related
510,510,feedback,pull,push,retrieval,information
511,511,user,disentangled,representations,recommendation,shirt
512,512,gnns,graph,gntks,kernels,power
513,513,ecc,memory,cnn,protection,reliability
514,514,symplectic,euler,resolution,scheme,discretization
515,515,pretraining,xlnet,autoregressive,bert,bidirectional
516,516,cortical,representations,cortex,observatory,allen
517,517,primal,dual,approximation,evaluation,policy
518,518,discrepancy,gans,dgan,edgan,account
519,519,generation,gans,challenges,particularly,classical
520,520,attentionxml,label,labels,xmtc,text
521,521,visual,successful,altering,trajectories,rl
522,522,reasoning,distracting,abstract,features,triumphed
523,523,diagonal,block,latent,transfer,negative
524,524,perturbation,robustness,adversarial,perturbations,attacks
525,525,doubly,lasso,bandit,arms,contexts
526,526,modal,mixed,clustering,modalities,pairing
527,527,flow,macow,masked,generative,autoregressive
528,528,reasoning,vqa,linguistic,answer,neural
529,529,meta,similarity,task,learning,derivations
530,530,experts,warmuth,term,long,memory
531,531,regularized,policy,regularization,mdps,sparse
532,532,topic,evolution,inference,geometric,dozens
533,533,uod,end,dnn,3outlier,priority
534,534,active,querying,learning,strategy,architectures
535,535,riemannian,prgd,manifold,gradient,perturbed
536,536,autoassist,boss,assistant,instances,operation
537,537,looped,filters,feedback,dfnets,spectral
538,538,reasoning,daft,attention,human,tlt
539,539,dictionary,step,refinement,bf,induction
540,540,bad,data,generation,distribution,different
541,541,iot,accuracy,search,topologies,half
542,542,outlier,scoring,mean,nd,emph
543,543,ilts,mixed,linear,trimmed,subset
544,544,dyensemble,activities,motor,decoding,neural
545,545,policy,divergence,data,bregman,reuse
546,546,id,networks,representations,progressively,layers
547,547,rank,subset,approximation,matrix,column
548,548,textit,compositional,attention,coda,affinity
549,549,gzsl,dual,semantics,gan,semantic
550,550,overparameterized,neural,networks,sgd,classes
551,551,cgans,gold,conditional,coined,effective
552,552,taskonomy,transferability,attribution,annotations,maps
553,553,quantile,distributional,axis,rl,atari
554,554,arg,max,discrete,direct,variational
555,555,reward,decomposition,channel,distributional,channels
556,556,l_dmi,noise,information,dataset,label
557,557,quadrature,adaptive,bayesian,adaptivity,integration
558,558,discriminator,generator,progressive,augmentation,pa
559,559,constrained,adaptive,smooth,optimal,rates
560,560,hpo,benchmarking,statistically,surrogate,draw
561,561,neurewriter,heuristics,combinatorial,simplification,vehicle
562,562,emergent,anti,communication,messages,language
563,563,tensor,tucker,decomposition,scalable,factors
564,564,translation,prototype,decoder,global,soft
565,565,variance,methodologies,predictive,complementary,networks
566,566,label,copula,multi,estimator,modeled
567,567,spn,spns,bayesian,structure,scope
568,568,active,batch,procedures,scale,learning
569,569,distributed,communication,sparseness,sparsity,mean
570,570,pruning,compression,dnn,global,momentum
571,571,utilities,decision,making,calibrating,posterior
572,572,sharpness,normalization,pathological,fim,contributes
573,573,epistemic,uncertainty,quantiles,aleatoric,certificates
574,574,depth,fine,networks,details,likely
575,575,kernels,graphs,substructures,lehman,weisfeiler
576,576,domain,generalization,agnostic,meta,semantic
577,577,grid,saliency,explanations,context,segmentation
578,578,lee,manifold,dynamical,step,order
579,579,mmd,flow,gradient,rkhs,discrepancy
580,580,tees,privacy,query,queries,private
581,581,attributed,semi,nodes,svae,supervisedly
582,582,fmri,images,image,decoder,scarce
583,583,vine,ae,generative,copulas,copula
584,584,beta,delays,delay,kt,d_
585,585,biva,hierarchy,variables,latent,generative
586,586,cg,cs,tasks,dual,code
587,587,dtan,alignment,aligning,class,diffeomorphic
588,588,bounding,box,instance,supervised,segmentation
589,589,random,features,emph,learn,neuron
590,590,round,complexity,query,rounds,frac
591,591,dgms,amortized,asr,pr,structural
592,592,sequence,shuffle,processing,exchange,log
593,593,detection,object,supernet,detnas,backbone
594,594,stochastic,langevin,proximal,nonsmooth,nonasymptotic
595,595,autoaugment,search,augmentation,performances,fast
596,596,networks,layer,multi,recurrent,analyze
597,597,timing,agents,interval,reproduction,abilities
598,598,ary,distributions,expressiveness,hypothesis,discriminators
599,599,landscape,loss,counter,optimizer,intuitive
600,600,dpps,nonsymmetric,symmetric,kernel,repulsive
601,601,hypothesis,dependent,rademacher,sets,stability
602,602,3d,point,bounding,bonet,instance
603,603,topic,false,negatives,positives,topics
604,604,iht,sparse,distributions,thresholding,iterative
605,605,lda,logistic,discriminative,arbitrary,dirichlet
606,606,quantum,wgans,wasserstein,generative,qubit
607,607,blow,conversion,voice,audio,raw
608,608,hyperparameter,representations,transfer,cases,tasks
609,609,discriminator,p_g,transport,trained,ot
610,610,series,copula,time,forecasting,gaussian
611,611,anchor,textit,transition,points,matrix
612,612,textual,image,concepts,visual,mia
613,613,sorting,differentiable,sort,operators,values
614,614,binary,activated,pac,neural,bayesian
615,615,causal,discovery,oica,overcomplete,independent
616,616,interior,barycenter,point,wasserstein,speed
617,617,prodige,weighted,geometry,embedding,spaces
618,618,measures,subspace,transport,ot,map
619,619,compositional,stochastic,optimization,ifo,varepsilon
620,620,extra,inequalities,monotone,gradient,convergence
621,621,slow,fmri,cognitive,hz,gpfa
622,622,neighbors,rwl,pca,adaptive,principal
623,623,quality,corrupted,reference,images,denoising
624,624,student,generalisation,teacher,sgd,networks
625,625,group,descriptors,transformations,gift,pooling
626,626,cluster,specialists,labelings,mistake,graph
627,627,ignorable,response,non,graph,semi
628,628,batchbald,acquisition,batch,points,active
629,629,quantization,l_,quantized,equation,activation
630,630,ambiguity,confidence,sets,regions,mdps
631,631,lingual,bleu,cross,english,pretraining
632,632,synapse,ribbon,mechanistic,release,activity
633,633,ep,bptt,steady,time,convergent
634,634,equivariant,invariant,weierstrass,stone,algebra
635,635,optimistic,arm,bias,mab,stopping
636,636,irl,inverse,generates,reinforcement,reward
637,637,virel,rl,inference,critic,actor
638,638,motion,object,animation,video,motions
639,639,tmc,tensor,iwae,exponentially,monte
640,640,sensorimotor,invariants,egocentric,spatial,emergence
641,641,llp,proportions,gan,generative,adversarial
642,642,rule,votes,voters,elicitation,voting
643,643,3d,cloud,da,domain,pointdan
644,644,adamm,zo,optimization,zeroth,black
645,645,evolution,mdps,rats,stationary,environment
646,646,dfpn,mcts,search,ra,proof
647,647,loss,criteria,distribution,distributions,emph
648,648,archetypal,coresets,archetypes,analysis,prototypes
649,649,foreground,image,layered,generator,background
650,650,decision,tree,trees,algorithms,optimality
651,651,manifold,rate,unconstrained,riemannian,saddle
652,652,domain,source,madan,segmentation,semantic
653,653,parts,structure,structured,prediction,simplify
654,654,chernoff,testing,hypothesis,games,nonzero
655,655,eeg,riemannian,covariance,rank,matrices
656,656,tabular,columns,ctgan,modeling,data
657,657,lstm,quantized,lstms,quantization,normalization
658,658,admm,acceleration,inertial,multipliers,alternating
659,659,scale,spaces,correlations,cross,deep
660,660,sporadically,gru,multidimensional,continuity,ode
661,661,couplings,mcmc,lag,chains,upper
662,662,matrix,rank,matrices,approximation,random
663,663,implicit,factorization,regularization,matrix,deep
664,664,alpha,list,ell,decodable,anti
665,665,3d,elementary,deformation,structures,generation
666,666,hardness,robustly,adversary,conjunctions,computational
667,667,hierarchical,objects,linkage,comparison,clustering
668,668,w2v,glove,embeddings,embedding,word
669,669,risk,monotonicity,curves,training,learner
670,670,exploration,strategies,viec,nmd,planning
671,671,transport,transportation,classifier,adversaries,example
672,672,density,flows,spline,coupling,invertible
673,673,switching,bandit,regret,phase,problem
674,674,bnns,inertia,weights,binarized,bop
675,675,neurons,sensory,input,bottlenecks,density
676,676,requirements,conflicting,dual,designing,reward
677,677,molecules,spatial,3d,chemical,targeted
678,678,variant,neighbor,nearest,convergence,choice
679,679,clustering,coreset,coresets,eps,cite
680,680,views,scene,rgbd,perspectivenet,indoor
681,681,maven,qmix,exploration,execution,agent
682,682,numerical,nash,avoids,players,gradient
683,683,df,concordant,condition,parametric,newton
684,684,continual,curl,task,learning,unsupervised
685,685,routing,capsule,capsules,agreement,self
686,686,cascading,schedule,portfolio,scheduling,relation
687,687,mehc,reward,hitting,shaping,informativeness
688,688,hopfield,correcting,codes,error,expander
689,689,sequence,order,generation,latex,inserting
690,690,logic,knowledge,triplets,plogicnet,reasoning
691,691,concave,likelihood,log,maximum,exponential
692,692,graph,edge,coarsening,contraction,sparsification
693,693,kutta,discretizing,runge,langevin,diffusions
694,694,adagrad,separable,direction,implicit,bias
695,695,ez,estimator,dpps,dpp,monte
696,696,liteeval,coarse,video,fine,lstm
697,697,realization,parametrizations,realizations,space,stability
698,698,rsnns,st,rsbp,spiking,bp
699,699,recurrent,speech,stochastic,examination,claimed
700,700,mesmo,entropy,optimization,objective,evaluations
701,701,svgd,valued,kernels,preconditioning,stein
702,702,skene,dawid,occurrences,crowdsourcing,identifiability
703,703,test,overfitting,error,sets,detect
704,704,empowered,empowerment,reward,bellman,principle
705,705,meta,smile,irl,bc,inverse
706,706,optimum,resnet,shortcut,spurious,initialized
707,707,diverse,sharing,task,domains,architectures
708,708,ism,kernel,kdr,ikdr,projection
709,709,quadratic,intht,thresholding,interaction,j_1
710,710,molecules,reactants,model,generate,selected
711,711,quantization,convolutional,post,bit,intermediate
712,712,cnaps,shot,regimes,task,fitting
713,713,anonymized,histograms,histogram,symmetric,items
714,714,regret,convex,forecasting,non,dynamic
715,715,heuristics,sat,satisfiability,boolean,heuristic
716,716,switching,cost,adaptivity,regret,local
717,717,compression,transport,relaxations,graph,node
718,718,pytorch,imperative,library,principles,style
719,719,scattering,transforms,topology,graph,translations
720,720,mdi,feature,importance,bias,forests
721,721,function,oracle,approximation,mathcal,dsec
722,722,ell_,logistic,graphical,pairwise,constraint
723,723,convergence,natural,descent,jacobian,global
724,724,ula,unadjusted,nu,sobolev,langevin
725,725,eps,samples,vector,widetilde,estimate
726,726,otm,projection,ppmm,pursuit,scale
727,727,mac,agents,instances,scoring,coordination
728,728,net,ntk,kernel,width,deep
729,729,derivatives,estimators,variance,order,bias
730,730,chirality,nets,pose,layers,human
731,731,dimensional,low,data,networks,manifolds
732,732,oracles,minimization,variation,summand,total
733,733,batch,nqm,sizes,preconditioning,quadratic
734,734,text,spherical,embedding,word,embeddings
735,735,inner,product,graph,search,delaunay
736,736,hyperbolic,gnns,graph,learning,gnn
737,737,individuals,fairness,individual,classification,given
738,738,test,resolution,train,224x224,images
739,739,connectivity,varying,functional,dynamic,factor
740,740,defender,attacker,manipulation,counteract,maximin
741,741,robots,soft,robot,dynamics,loop
742,742,surfaces,3d,implicit,shape,supervision
743,743,solvers,lms,caratheodory,subset,computes
744,744,graph,certifiable,robustness,perturbations,alarming
745,745,belief,bp,propagation,bethe,ising
746,746,odds,equalized,axioms,fair,paradoxes
747,747,critic,actor,bilevel,convergence,quadratic
748,748,generative,performance,matrix,spikes,spiked
749,749,emph,gradient,splines,dynamics,shallow
750,750,decentralized,quantimed,dsgd,communication,nodes
751,751,svm,mu,multiclass,contradictions,universum
752,752,il,trajectories,sub,goals,expert
753,753,consensus,rank,landscape,factorization,dgd
754,754,normalization,online,batch,technique,activations
755,755,xnor,lstms,multiplications,hardware,networks
756,756,bregman,prox,singular,inequalities,mirror
757,757,molecules,graph,representation,gram,simple
758,758,td,behaviors,mean,markov,covariance
759,759,ratio,hst,epsilon,facility,metrics
760,760,eims,energy,sampling,variational,ebms
761,761,varepsilon,policy,lqr,pi,regulator
762,762,multistage,universally,accelerated,stochastic,optimal
763,763,mechanisms,deep,retina,computational,neuroscience
764,764,memory,keys,billion,layers,transformer
765,765,deterministic,automata,weighted,algorithm,probabilistic
766,766,wide,networks,agreement,neural,width
767,767,relu,fitting,opt,marginals,respect
768,768,linguistic,syntactic,bert,word,geometry
769,769,vqa,explanations,question,visual,answer
770,770,items,candidates,firm,retain,recruitment
771,771,admm,rounds,stochastic,communication,node
772,772,attack,participants,workers,omniscient,byzantine
773,773,adversarial,examples,probability,defense,attacks
774,774,revenue,auctions,dynamic,buyer,mechanism
775,775,sarsa,fitted,policy,algorithm,approximation
776,776,minima,spiked,flow,spurious,gradient
777,777,correlations,inference,structured,variables,maintaining
778,778,private,differentially,online,efficient,learning
779,779,agreement,graph,label,semi,supervised
780,780,latent,points,distance,mathbb,function
781,781,wind,speed,flapping,flags,network
782,782,fnps,latent,functional,global,predictions
783,783,registration,transformation,basis,images,deformations
784,784,representation,atari,state,representations,learning
785,785,fairness,accuracy,em,tension,bias
786,786,dle,mle,asymptotic,equality,variance
787,787,alpha,thompson,inference,exploration,sampling
788,788,partial,prnet,registration,keypoint,correspondences
789,789,surrogate,observed,objectives,rewards,batch
790,790,heterogeneous,umal,laplacians,uncountable,mixture
791,791,connectomes,greedy,brain,diffusion,rule
792,792,permanent,adapart,tracking,permutations,little
793,793,retrosynthesis,reaction,rules,chemistry,conditional
794,794,anytime,procrastination,configuration,algorithm,structured
795,795,online,privacy,differential,stability,regret
796,796,3d,perspective,rgb,2d,bounding
797,797,gibbs,particle,marginalization,viable,mcmc
798,798,protopnet,prototypical,image,interpretable,network
799,799,aat,caption,captioning,image,attention
800,800,uncertainty,ensemble,bne,augments,sources
801,801,directed,tables,bayesian,conditional,probability
802,802,loan,recidivism,positive,opportunity,classification
803,803,expectations,adept,physical,surprised,objects
804,804,multisensory,3d,modalities,scene,embodied
805,805,restless,policy,competitor,thompson,episodic
806,806,kernels,emph,neural,networks,resnet
807,807,behaviour,sr,rewards,task,flexibility
808,808,manifold,bundles,fibre,irreducible,manifolds
809,809,grover,news,fake,threats,written
810,810,mcmc,sa,proposal,distribution,tuning
811,811,incremental,composite,mapping,variance,composition
812,812,ipms,besov,gans,distribution,nonparametric
813,813,capsule,routing,caps,star,straight
814,814,x_i,nt,regime,f_,quadratic
815,815,meta,learning,inductive,hierarchical,encounters
816,816,dro,mmd,distributionally,kernel,regularization
817,817,equivariant,homogeneous,spaces,fields,cnns
818,818,trivializations,parametrizations,families,manifolds,gradient
819,819,repl,programs,write,program,synthesis
820,820,holdout,ranking,competition,overfitting,course
821,821,g_1,matching,permutation,graph,graphs
822,822,teaching,preference,sigma,teacher,batch
823,823,bandit,wolfe,frank,submodular,maximization
824,824,pomdp,aggregate,belief,action,spaces
825,825,efce,games,efces,formulation,behavior
826,826,gnnexplainer,graph,gnns,gnn,explanations
827,827,safe,safety,actions,constraints,learner
828,828,cell,types,neurons,modality,modal
829,829,concepts,important,explanation,explanations,scores
830,830,compression,video,vae,content,generative
831,831,budgeted,bmdp,bmdps,spaces,markov
832,832,questions,auxiliary,answers,gvfs,useful
833,833,sinkhorn,barycenter,wolfe,frank,divergence
834,834,fcn,cnn,efcn,relax,architectural
835,835,disagreements,vector,clustering,ell_q,cluster
836,836,strategies,elicitation,metric,multiclass,feedback
837,837,slope,amp,penalty,iterates,solution
838,838,experience,explicit,spaces,exploration,realizability
839,839,nulls,fdr,conservative,addis,power
840,840,slice,subsets,critical,slices,f1
841,841,collapse,posterior,vaes,maxima,linear
842,842,compositional,abstractions,temporally,language,engine
843,843,kernels,kernel,basis,online,alpha
844,844,grassmannian,subspace,dictionary,riemannian,odl
845,845,controls,objectnet,object,datasets,recognition
846,846,certified,robustness,adversarial,defense,additive
847,847,delta,epsilon,omega,sketch,log
848,848,cirl,formalism,informed,game,recursive
849,849,dingo,newton,surrogate,hyper,type
850,850,sic,feature,ipm,sobolev,selection
851,851,ments,uct,softmax,decision,entropy
852,852,regularize,cnns,images,cortical,classifying
853,853,rate,stochastic,learning,statistical,tuning
854,854,student,teacher,shot,belief,match
855,855,disciplined,convex,differentiable,affine,optimization
856,856,axis,aligned,mondrian,partitioning,cuts
857,857,noisy,distance,delta,people,neighbor
858,858,lookahead,optimizer,sgd,adam,schemes
859,859,rendering,3d,ml,rasterization,vertex
860,860,analyst,covariate,bayes,empirical,information
861,861,momentum,qhm,convergence,stationary,gradient
862,862,sensory,postdictive,percepts,postdiction,ddc
863,863,meta,rl,tasks,policy,individual
864,864,s_t,pi,mu,d_t,horizon
865,865,contexts,contextual,bandits,r_,tilde
866,866,protein,tape,supervised,relevant,semi
867,867,collective,mind,actions,theory,making
868,868,nets,regularized,kernel,global,neural
869,869,bounds,norms,jacobians,depth,dependent
870,870,importance,feature,interpretability,estimates,vargrad
871,871,memory,adaptive,translation,batch,language
872,872,buyers,seller,policy,reserve,prices
873,873,lyapunov,equations,opportunistic,triggered,discretizations
874,874,poisoning,ssl,framework,50,data
875,875,seq2seq,compositional,sequence,blicket,compositionally
876,876,graphical,method,models,capital,bike
877,877,lookahead,step,acquisition,bayesian,evaluations
878,878,leader,workers,local,performer,corrective
879,879,verification,relaxed,verifiers,barrier,exact
880,880,jump,events,stochastic,equations,jumps
881,881,persistence,weight,wkpi,diagram,summaries
882,882,target,source,minimax,transfer,costs
883,883,svrpda,averages,empirical,problem,inside
884,884,pcr,covariates,error,vanishing,principal
885,885,relational,sequences,meta,short,harmless
886,886,invertible,residual,density,blocks,flows
887,887,decentralised,common,knowledge,agents,agent
888,888,set,target,shot,loss,sca
889,889,gaussian,et,al,2019,networks
890,890,operators,differential,equation,family,efficiently
891,891,visual,centers,zsl,unseen,constraint
892,892,experts,regret,sleeping,dying,learner
893,893,similarity,reuse,test,mitigates,levels
894,894,firing,grid,hexagonal,fields,theory
895,895,ranking,items,comparisons,bounds,noisy
896,896,instructions,language,actions,natural,compositional
897,897,poolings,ltfhe,lhecnns,activations,polynomial
898,898,lsh,mutual,distance,jensen,schemes
899,899,rationalization,rationales,factual,game,class
900,900,order,zero,points,avoids,saddle
901,901,metamers,model,recognizable,layers,human
902,902,aerial,ground,view,image,geo
903,903,norm,rank,mixed,recovery,d1
904,904,epsilon,entrywise,ell_1,matrix,column
905,905,search,nas,petridish,forward,connections
906,906,umtra,meta,shot,learning,unsupervised
907,907,l_2,plackett,ranked,luce,orders
908,908,certainty,quadratic,controller,linear,lq
909,909,voltage,spatiotemporal,dendritic,compartment,sensors
910,910,regret,online,control,polylog,kalman
911,911,elliptical,dp,ep,privacy,laplace
912,912,devign,code,graph,conv,vulnerability
913,913,kng,mechanism,objective,utility,summaries
914,914,cxplain,estimates,importance,feature,uncertainty
915,915,anderson,rl,acceleration,raa,deep
916,916,traffic,cameras,sensors,web,dataset
917,917,processes,temporal,snp,4d,dynamic
918,918,hindsight,policy,continuation,pchid,inverse
919,919,shot,lst,labeled,semi,self
920,920,tfilm,receptive,audio,convolutional,range
921,921,blackbox,asebo,optimization,es,subspaces
922,922,polynomial,expressive,widths,monotonically,power
923,923,byzantine,detox,aggregation,redundancy,resilient
924,924,concept,tokens,recurrent,polynomially,learn
925,925,public,private,examples,alpha,learning
926,926,discrete,objects,generative,valid,construction
927,927,community,snr,mathrm,changes,recovery
928,928,reward,distance,shaped,goal,shaping
929,929,recovery,1bcs,superset,signal,signals
930,930,feedback,gamma,switching,frac,partial
931,931,threat,functional,adversarial,recoloradv,attacks
932,932,beta,cov,computational,index,statistical
933,933,mini,fml,max,fenchel,estimation
934,934,margingan,margin,examples,discriminator,generator
935,935,games,min,max,ascent,game
936,936,varag,accelerated,convexity,unified,sum
937,937,gamma,alpha,eps,halfspaces,cdot
938,938,clusters,overlapping,queries,cluster,elements
939,939,oja,msg,rmsg,ell_2,iteration
940,940,predictive,domain,power,penalizing,sketch
941,941,meta,unsupervised,task,distribution,learner
942,942,noisy,case,sparse,vectors,signal
943,943,representation,generation,bigbigan,compelling,learning
944,944,sat,formulas,g2sat,world,real
945,945,trpo,ppo,policy,iterate,trust
946,946,criteria,dimensionality,metric,reduction,theoretical
947,947,oracle,textit,tilde,mathrm,poly
948,948,normalised,reduction,reductions,recall,multilabel
949,949,hidden,cnns,complexity,sample,layer
950,950,abstaining,disconfidence,portfolio,selective,confident
951,951,tdc,stepsize,diminishing,blockwisely,markovian
952,952,transfer,gapboost,gap,domains,intuition
953,953,steepest,splitting,descent,springs,neurons
954,954,mathcal,transductive,ast,bandits,theta
955,955,regularization,transient,final,period,generalization
956,956,robust,sparse,estimation,algorithms,ellipsoid
957,957,vgrnn,dynamic,graph,variational,grnn
958,958,sig,graph,vae,variational,implicit
959,959,object,keypoint,keypoints,representations,image
960,960,offline,generated,reinforcement,learning,policies
961,961,rates,non,linear,players,ratios
962,962,detection,object,consistency,csd,stage
963,963,neighbor,nearest,bignn,subsamples,rates
964,964,polyhedral,surrogate,loss,surrogates,embeds
965,965,modal,cross,adversarial,cmla,deep
966,966,pac,rademacher,bayes,catoni,fast
967,967,cell,saliency,rnn,input,time
968,968,idioms,synthesizer,program,code,synthesis
969,969,generalization,ntrf,error,neural,tangent
970,970,random,subspaces,adaptive,matrix,subspace
971,971,estimators,quantization,cosine,similarity,asymmetric
972,972,superposition,models,retrieved,unrealized,interfering
973,973,testing,privacy,distributions,individuals,tests
974,974,dependent,inequalities,graph,concentration,mcdiarmid
975,975,initialization,normalized,weight,networks,resnets
976,976,stochastic,classifiers,deterministic,classifier,late
977,977,nn,anomaly,detection,dtm,methods
978,978,box,black,transfer,query,gradient
979,979,graph,architectures,scale,multi,deep
980,980,aggregating,model,nonparametrics,parameterizations,sequestered
981,981,explanation,sensitivity,explanations,infidelity,fidelity
982,982,sampler,mle,dual,contrastive,estimation
983,983,pml,estimator,textbf,alpha,estimation
984,984,invertible,resnets,mnist,networks,building
985,985,zou,dependent,bounds,information,mutual
986,986,server,summary,distributed,eigenvalue,eigenvalues
987,987,attribute,transfer,text,latent,entangled
988,988,maxgap,means,bandit,gap,style
989,989,likelihood,generative,bias,importance,weighting
990,990,c_n,forecasting,variation,sequences,total
991,991,sgd,local,pt,communication,synchronization
992,992,parameters,curriculum,data,gains,dataset
993,993,estimators,near,properties,unified,symmetric
994,994,pixel,rmi,pixels,mi,wise
995,995,systems,dynamical,dynamics,lyapunov,stable
996,996,captioning,image,vectors,encoder,geometric
997,997,outliers,greedy,means,clustering,center
998,998,fisher,discriminator,vectors,ebm,density
999,999,tractable,expectations,discriminative,expected,predictions
1000,1000,levenshtein,sequence,generation,transformer,tokens
1001,1001,robustness,semisupervised,unlabeled,robust,labels
1002,1002,teaching,teacher,learners,learner,responses
1003,1003,pooling,local,cnns,neuron,activations
1004,1004,architecture,search,meta,nas,tasks
1005,1005,naomi,autoregressive,imputation,multiresolution,sequences
1006,1006,nodes,layer,sampling,graph,ladies
1007,1007,energy,gof,dean,distribution,goodness
1008,1008,oblivious,arm,unbounded,risk,expected
1009,1009,private,loss,excess,sco,population
1010,1010,classifiers,smoothed,smoothing,ell_2,adversarial
1011,1011,symbolic,metamodels,box,model,metamodel
1012,1012,td,global,neural,policy,difference
1013,1013,noise,privacy,spaces,functional,reward
1014,1014,disease,progression,attentive,patient,space
1015,1015,d_,left,right,delays,exp3
1016,1016,epsilon,cite,tilde,quanrud19,blanchetjks18
1017,1017,xgboost,memory,lightgbm,size,boosting
1018,1018,nnz,epsilon,sqrt,simplex,matrix
1019,1019,regularization,adaptive,kronecker,neurons,networks
1020,1020,distributed,inverse,newton,averaging,determinantal
1021,1021,smoothing,circuits,decomposable,circuit,structured
1022,1022,lipschitz,constant,estimation,sdp,classifiers
1023,1023,query,nimc,completion,item,relevance
1024,1024,distributed,communication,momentum,sgd,blockwise
1025,1025,coreset,past,automated,posterior,construction
1026,1026,bandit,row,matrix,rank,regret
1027,1027,notion,stability,computations,sufficient,necessary
1028,1028,gradient,quadratically,methods,geometries,stochastic
1029,1029,loe,ordinal,embedding,landmark,item
1030,1030,causal,effects,conditional,identification,diagrams
1031,1031,tvo,variational,thermodynamic,inference,discrete
1032,1032,hyperbolic,mathbb,ell,curves,objective
1033,1033,preprocessing,determinantal,sampling,dpp,poly
1034,1034,rendering,eca,robotics,geometry,attention
1035,1035,imagination,temporal,jumpy,abstraction,variational
1036,1036,linkage,closest,gamma,clusters,average
1037,1037,revenue,bidders,rounds,strategically,auctions
1038,1038,ne,lq,games,policy,sum
1039,1039,uniform,gd,generalization,overparameterized,bounds
1040,1040,autoperf,software,performance,mp,bugs
1041,1041,dtw,warping,time,dynamic,proposed
1042,1042,graph,laplacian,constraints,families,combinatorial
1043,1043,thresholding,aggregate,arms,bandit,regret
1044,1044,rate,initial,small,learning,large
1045,1045,graph,node,kernel,classification,representation
1046,1046,causal,expert,misidentification,imitation,interaction
1047,1047,gprs,lps,lp,community,ipr
1048,1048,measures,causal,techniques,interventional,data
1049,1049,precision,low,bounds,training,dimension
1050,1050,random,concentration,variable,cvar,bound
1051,1051,demonstrations,reward,inverse,reinforcement,irl
1052,1052,bootstrapping,policy,error,backup,bear
1053,1053,expansion,search,bayesian,epsilon,method
1054,1054,eigenspace,embeddings,overlap,compressed,score
1055,1055,convex,absolute,regression,perturbations,norm
1056,1056,meta,entities,modular,relational,inference
1057,1057,continual,buffer,replay,forgetting,select
1058,1058,abc,metric,dnns,confidence,attribution
1059,1059,randomization,adversarial,robustness,attacks,theoretical
1060,1060,replay,continual,interfered,setting,generative
1061,1061,bug,programs,program,students,neuralbuglocator
1062,1062,td,mc,policy,evaluation,bias
1063,1063,pseudocode,search,program,spoc,code
1064,1064,gradients,levels,data,langevin,noise
1065,1065,wake,audio,word,alexa,detection
1066,1066,spatial,intensity,regularized,method,prediction
1067,1067,quantification,gp,treatment,bayesian,inference
1068,1068,margin,generalization,boosting,bounds,boosted
1069,1069,information,online,mirror,optimisation,theoretic
1070,1070,graph,gtns,node,graphs,transformer
1071,1071,victim,classifier,perturbation,generator,manipulate
1072,1072,logistic,rlr,regression,likelihood,parameter
1073,1073,likelihood,models,hybrid,generative,adversarial
1074,1074,admm,constraint,gd,compressive,multipliers
1075,1075,linucb,environments,b_t,stationary,linear
1076,1076,bandit,sqrt,combinatorial,bound,regret
1077,1077,pareto,trade,multiobjective,different,solutions
1078,1078,players,multiplayer,communication,collisions,armed
1079,1079,tree,transformers,sequence,positional,encodings
1080,1080,monitoring,fid,measure,domain,agnostic
1081,1081,submodular,sqrt,additive,oracle,bound
1082,1082,solutions,counting,optimal,graphical,depth
1083,1083,agent,symmetric,bimatrix,games,agents
1084,1084,fusion,multimodal,pooling,hpfn,multilinear
1085,1085,confidence,ucb,armed,dependent,upper
1086,1086,compression,lossless,integer,flow,discrete
1087,1087,projection,convex,loss,polytope,output
1088,1088,constraints,ner,pos,converts,label
1089,1089,sinkhorn,screenkhorn,dual,regularized,components
1090,1090,bernstein,l_n,pac,vanishes,bounds
1091,1091,unlabeled,uncurated,labeled,data,robust
1092,1092,planning,act,rl,based,regret
1093,1093,pareto,objective,constraints,hypervolume,preferences
1094,1094,asyncada,asynchronous,hedgehog,speed,optimization
1095,1095,calibration,measures,class,calibrated,error
1096,1096,generative,cas,models,gan,data
1097,1097,minimax,adversarial,risk,loss,problem
1098,1098,elo,multiagent,incomplete,outcomes,ranking
1099,1099,sliced,tree,ot,wasserstein,distance
1100,1100,calibration,uncalibrated,dirichlet,probabilities,ece
1101,1101,representatives,differences,ell_1,analytic,kernel
1102,1102,verification,tree,ensembles,boxicity,robustness
1103,1103,attention,agent,mechanism,soft,interpretable
1104,1104,gradient,sampling,uniform,estimation,lsh
1105,1105,pipeline,smooth,accelerated,pprs,parallel
1106,1106,rmsnorm,layernorm,root,square,normalization
1107,1107,measurements,recovery,minimum,signal,perfect
1108,1108,smoothcruiser,regularized,planning,epsilon,entropy
1109,1109,krasulina,pca,exponentially,variance,reduction
1110,1110,repeatable,keypoint,description,detection,descriptor
1111,1111,ssc,clustering,subspace,s5c,sparse
1112,1112,symmetric,pml,region,estimation,properties
1113,1113,cox,process,structured,variational,continuous
1114,1114,memory,agent,holdout,multiple,generalization
1115,1115,mobile,location,unaware,sensors,spatial
1116,1116,credit,assignment,hindsight,rewritten,foresight
1117,1117,instrumental,causal,ivs,unconditioned,cutsets
1118,1118,kerbs,senses,text,generation,words
1119,1119,model,policy,generated,based,usage
1120,1120,queries,clustering,minimise,correlation,disagreements
1121,1121,intrinsically,motivation,environment,motivated,agent
1122,1122,causes,candidate,causal,independence,cause
1123,1123,poincaré,vaes,hyperbolic,auto,euclidean
1124,1124,stochastic,proximal,generic,convex,convergence
1125,1125,averaging,tail,minibatching,sgd,nonparametric
1126,1126,forms,random,process,rip,quadratic
1127,1127,calculus,lyapunov,time,continuous,stochastic
1128,1128,curiosity,replay,curriculum,failed,experiences
1129,1129,isda,semantic,deep,augmentation,ce
1130,1130,metainit,initializations,quantity,gradient,descent
1131,1131,latent,dirichlet,relational,representations,information
1132,1132,path,incremental,selection,acquired,life
1133,1133,cdot,nonconvex,minimax,f_i,min_x
1134,1134,ode,shadowing,optimization,provoking,hyperbolicity
1135,1135,confounding,causal,overfitting,regularization,choose
1136,1136,hyper,sequences,hawkes,short,observation
1137,1137,object,masks,images,segmentation,generator
1138,1138,regret,ms,markov,ucb,mdp
1139,1139,sinc,kernel,band,centred,frequency
1140,1140,fair,classification,threshold,labeled,unlabeled
1141,1141,bo,black,box,search,optimization
1142,1142,sbic,crowdsourced,crowdsourcing,streaming,settings
1143,1143,simulator,causal,discovery,neuropathic,pain
1144,1144,cornet,brain,anns,ventral,primate
1145,1145,lines,distances,set,epsilon,sum
1146,1146,curves,fr,polygonal,echet,clustering
1147,1147,time,space,nodes,spatio,messages
1148,1148,event,prediction,uncertainty,time,evolution
1149,1149,attacks,reliable,gradient,robustness,based
1150,1150,isotonic,monotone,sparse,regression,coordinate
1151,1151,triad,causal,variables,constraints,structure
1152,1152,kernel,tangent,inductive,parameterized,regime
1153,1153,adversarial,instance,domain,box,transferability
1154,1154,rnns,long,rnn,classification,dependencies
1155,1155,quadrature,dpps,kernel,rkhs,dpp
1156,1156,community,rem,csd,structure,deception
1157,1157,3d,sim2real,motion,pose,synthetic
1158,1158,point,clouds,cloud,supervised,self
1159,1159,regularized,piecewise,loss,decay,strongly
1160,1160,stein,estimators,discrepancy,dksd,dsm
1161,1161,games,vanishing,regret,sizes,sum
1162,1162,w_i,circ,rho,w_,frac
1163,1163,boosted,stumps,robust,infty,epsilon_
1164,1164,robust,adversarial,ntk,training,networks
1165,1165,reward,specifying,language,tasks,user
1166,1166,options,cumulants,skills,combining,option
1167,1167,unilm,language,absolute,generation,pre
1168,1168,cfr,cces,games,jr,player
1169,1169,epsilon,opt,stochastic,submodular,monotone
1170,1170,certainty,classifier,gwins,intentioned,reject
1171,1171,online,meta,inner,incrementally,mirror
1172,1172,ista,sizes,step,unfolded,coding
1173,1173,biases,communication,emergent,ease,inductive
1174,1174,episodic,memory,lifelong,replay,setup
1175,1175,swag,swa,iterates,sgd,moment
1176,1176,communication,sgd,sketched,mathcal,distributed
1177,1177,understanding,gameplay,agents,machinery,conceptual
1178,1178,kf,measurement,process,regression,sf
1179,1179,neighbor,query,near,dns,lsh
1180,1180,penalized,huber,ell_1,estimator,sparse
1181,1181,nonlinear,nll,level,transformation,dimensional
1182,1182,word,bias,contextual,sentence,intersectional
1183,1183,mf,convex,2010,et,al
1184,1184,ss,gan,tasks,generator,game
1185,1185,mach,memory,classification,extreme,search
1186,1186,robustness,augmentation,corruptions,offs,trade
1187,1187,bernoulli,vae,pervasive,supported,autoencoders
1188,1188,post,privacy,amplification,processing,diffusion
1189,1189,bipartite,clustering,units,interference,graph
1190,1190,gala,a2c,gossip,agents,actor
1191,1191,memory,metalearning,neural,function,vector
1192,1192,chains,markov,loss,emph,sequentially
1193,1193,gdc,graph,diffusion,convolution,passing
1194,1194,splines,random,deep,point,intensity
1195,1195,vb,misspecification,posterior,variational,centers
1196,1196,initialization,residual,zas,varepsilon,descent
1197,1197,graph,cut,scshape,private,sparsification
1198,1198,manifold,component,rpca,treating,principal
1199,1199,dtr,treatment,dtrs,confounded,regimes
1200,1200,ode,ode2vae,latent,order,second
1201,1201,sampling,sbm,cluster,recovery,adaptive
1202,1202,kernel,substring,end,sequences,recurrent
1203,1203,mnist,nist,000,digits,lost
1204,1204,alignment,clustered,hierarchical,multimodal,ot
1205,1205,hindsight,goal,robotic,generation,manipulation
1206,1206,expressive,environment,generative,rl,agents
1207,1207,losses,loss,structured,robust,labels
1208,1208,unsupervised,object,landmark,manner,fully
1209,1209,causal,sscm,vary,individuals,typical
1210,1210,output,reward,structured,search,spens
1211,1211,rescaled,descent,rgd,smooth,accelerating
1212,1212,rewards,rudder,delayed,expected,future
1213,1213,graph,normalizing,flows,auto,graphs
1214,1214,explanations,manipulated,explanation,manipulations,disconcerting
1215,1215,communication,sgd,emph,workers,big
1216,1216,orthogonal,matrices,expressivity,normal,schur
1217,1217,mw,gp,feedback,reward,bandit
1218,1218,switching,label,posterior,mixture,transport
1219,1219,bow,generation,latent,paraphrase,words
1220,1220,privacy,differential,collector,processors,trusted
1221,1221,continual,tasks,expansion,compactness,model
1222,1222,dialog,interactive,evaluation,conversation,human
1223,1223,dirichlet,distribution,simplex,auto,encoding
1224,1224,pruning,auxiliary,hyperparameters,autoprune,sensitive
1225,1225,successor,environments,distributional,partially,neurally
1226,1226,nc,conditional,xa,distributions,distribution
1227,1227,search,language,spaces,architecture,write
1228,1228,hardware,resource,tractable,probabilistic,aware
1229,1229,robustness,adversarial,computationally,efficient,design
1230,1230,diskann,recall,anns,indices,billion
1231,1231,microscopic,noise,gan,macroscopic,process
1232,1232,confounding,unobserved,causal,semi,proxy
1233,1233,tree,ensemble,interpretation,polynomial,form
1234,1234,alpha,kernel,se,tailed,regret
1235,1235,graphical,inference,generating,process,hybrid
1236,1236,delta,frac,additive,algorithm,sharathkumar
1237,1237,adversarial,obfuscation,training,regularizer,attacks
1238,1238,softmax,classes,rf,sampled,fourier
1239,1239,wider,flat,overparameterized,saddle,point
1240,1240,fairness,agent,fen,multi,controller
1241,1241,frank,wolfe,generalized,primal,dual
1242,1242,graph,graphs,alignment,comparing,transport
1243,1243,mixup,dnns,calibration,training,trained
1244,1244,parallel,rounds,gradient,optimization,highly
1245,1245,inversion,inverting,latent,realizable,expansion
1246,1246,optimistic,nominal,likelihoods,distributions,likelihood
1247,1247,hastings,metropolis,implicit,chain,discriminator
1248,1248,ialm,order,nonconvex,lagrangian,inexact
1249,1249,rl,injection,regularization,ib,sni
1250,1250,uncertainty,predictive,methods,shift,fall
1251,1251,competence,alice,layerwise,confidence,score
1252,1252,false,fdr,classification,discovery,rate
1253,1253,trigger,backdoor,triggers,defense,backdoored
1254,1254,attention,heads,layers,sixteen,headed
1255,1255,multi,resolution,spatio,resolutions,task
1256,1256,eig,experimental,estimators,variational,boed
1257,1257,tcns,output,maps,input,temporal
1258,1258,pointwise,ball,polyhedral,lp,computing
1259,1259,constraints,rl,diversity,enforce,safety
1260,1260,privacy,competitor,noise,differential,provider
1261,1261,context,learner,observes,chooses,stochastic
1262,1262,brain,language,activity,representations,fmri
1263,1263,discount,reinforcement,factors,action,gaps
1264,1264,bandit,recovering,arm,bandits,classical
1265,1265,exactline,line,exactly,computing,restriction
1266,1266,mirror,pseudo,functions,descent,positive
1267,1267,correlation,decision,correlated,environments,states
1268,1268,irls,l_p,solving,regression,implement
1269,1269,motion,plausible,nn,biologically,recapitulates
1270,1270,covariance,privacy,matrix,private,epsilon
1271,1271,innovation,isearch,outliers,outlier,inliers
1272,1272,counterfactual,markov,causal,structural,inference
1273,1273,disentangled,abstract,representations,reasoning,stream
1274,1274,compression,communication,sgd,gradients,rank
1275,1275,semidefinite,cone,sdp,minimization,wolfe
1276,1276,separating,constraint,pc,sets,graph
1277,1277,dca,dynamical,structure,extract,dimensionality
1278,1278,interventions,interventional,case,intervention,adaptive
1279,1279,architecture,detection,search,nats,object
1280,1280,robust,attribution,objectives,ig,classic
1281,1281,scene,video,hidden,matrix,factorization
1282,1282,plan,replay,parametric,models,credit
1283,1283,equivariant,steerable,cnns,group,convolutions
1284,1284,interventional,graphical,causal,cis,invariances
1285,1285,rvs,gene,information,subtypes,graphical
1286,1286,speech,untangled,untangling,carry,emerge
1287,1287,neurons,task,modulation,informative,modulated
1288,1288,spo,loss,predict,bounds,optimize
1289,1289,categories,bandit,ordering,ordered,dominance
1290,1290,randomized,value,functions,exploration,worst
1291,1291,stimulation,retina,electrical,electrodes,spike
1292,1292,private,protocol,curator,d_v,privacy
1293,1293,primal,dual,energy,duality,hamiltonian
1294,1294,acceleration,accelerated,hilbert,descent,implicit
1295,1295,optimisation,pure,exploration,solving,query
1296,1296,posterior,belief,dgp,ipvi,unbiased
1297,1297,drnn,neural,kinematics,bmi,wavelet
1298,1298,bandits,censored,semi,arm,allocation
1299,1299,molecular,covariant,cormorant,rotationally,surfaces
1300,1300,prior,detection,networks,training,adversarial
1301,1301,reflection,unpolarized,polarized,polarization,layers
1302,1302,policy,poisoning,attacker,batch,attack
1303,1303,nonparametric,predictor,distribution,conditional,labels
1304,1304,answer,multiple,stop,answers,track
1305,1305,nets,multilayer,paths,connectivity,landscape
1306,1306,variable,fairness,disentanglement,disentangled,sensitive
1307,1307,vectorization,slp,compilers,compiler,instruction
1308,1308,preferences,preference,morl,policies,policy
1309,1309,gps,exact,points,kernel,gp
1310,1310,bayesian,layers,uncertainty,module,stochastic
1311,1311,npi,alphanpi,specification,alphazero,recursion
1312,1312,arm,reward,nonparametric,metric,unknown
1313,1313,qsparse,sgd,local,distributed,sparsification
1314,1314,ood,detection,bacteria,genomic,genomics
1315,1315,flows,discrete,autoregressive,bipartite,distributions
1316,1316,object,gaze,validation,eye,self
1317,1317,star,d_,contextual,bandits,selection
1318,1318,gw,wasserstein,gromov,distance,sliced
1319,1319,als,alternating,squares,cca,momentum
1320,1320,leakage,gradients,people,gradient,training
1321,1321,spatial,inducing,regularizers,invariance,transformations
1322,1322,residual,networks,small,generalization,overparameterized
1323,1323,cvf,characteristic,returns,cvi,value
1324,1324,icebreaker,belgam,acquisition,care,health
1325,1325,priors,untrained,compressive,inverse,network
1326,1326,planning,states,abstractions,planner,policies
1327,1327,mathbf,phase,xi,random,optics
1328,1328,vq,vae,fidelity,autoregressive,scale
1329,1329,multilayer,matrix,means,graphs,generalized
1330,1330,rhgc,regret,online,lookahead,window
1331,1331,completion,matrix,probabilities,missingness,entries
1332,1332,synthesis,waveforms,mel,spectrogram,music
1333,1333,deﬁnitions,fairness,contextual,robinhood,ofﬂine
1334,1334,varepsilon,max,ascent,stationary,game
1335,1335,localization,semantic,shot,zero,discriminative
1336,1336,brain,nlp,language,bert,depth
1337,1337,kernel,kernels,posteriors,functional,function
1338,1338,iterate,final,rate,sgd,decaying
1339,1339,cpvs,tasks,compositions,additional,generalize
1340,1340,interactive,ldp,kasiviswanathan,2008,complexity
1341,1341,temperature,logarithm,temperatures,bi,loss
1342,1342,sampling,separations,families,optimization,computational
1343,1343,g_,f_,surfing,surface,theta
1344,1344,meta,optimizer,population,optimize,uncertainty
1345,1345,risk,aligned,human,minimization,measures
1346,1346,policy,parametric,semi,doubly,estimate
1347,1347,aggregated,task,processes,different,model
1348,1348,boosting,sampling,sgb,mvs,probabilities
1349,1349,relus,verifiers,certification,barrier,neuron
1350,1350,variables,polytree,ancestral,latent,actual
1351,1351,fourier,sparse,log,functions,say
1352,1352,projected,dimensional,newton,stein,parameter
1353,1353,word,invariant,embeddings,identifiability,transformations
1354,1354,compressive,nn,projected,quantized,quantization
1355,1355,criteria,groups,dimensionality,pca,nsw
1356,1356,rematerialization,efficient,memory,recompute,rematerialize
1357,1357,stops,emergency,mo,reset,small
1358,1358,effects,effect,heterogeneous,instrument,webpage
1359,1359,jl,sparse,feature,norm,l_infinity
1360,1360,interactive,preferences,user,text,rl
1361,1361,slc,distributions,diversity,sr,strongly
1362,1362,variance,batches,sigma,reduction,storm
1363,1363,planning,buffer,reinforcement,replay,tasks
1364,1364,sentence,language,sentences,representations,unconditional
1365,1365,fairness,disparity,groups,user,criteria
1366,1366,varepsilon,packing,width,covering,mixed
1367,1367,active,realizable,implementations,procedures,clustering
1368,1368,deepwave,acoustic,spherical,imaging,initialisation
1369,1369,transformations,geometric,certification,robustness,scaling
1370,1370,reach,able,imitation,expert,desired
1371,1371,cost,worst,quadratic,exploration,uncertainty
1372,1372,drum,link,mining,rule,inductive
1373,1373,square,integral,regression,operator,randomized
1374,1374,unitary,activations,output,urnns,urnn
1375,1375,conservation,laws,hamiltonian,pendulum,inspiration
1376,1376,lipschitz,bcop,parameterization,orthogonal,attenuation
1377,1377,hebbian,similarity,structured,networks,local
1378,1378,gcns,graph,gcn,moments,power
1379,1379,future,agents,vehicle,latent,goals
1380,1380,rotation,translation,latent,vae,content
1381,1381,knockoff,predictors,esd,power,filters
1382,1382,bellman,function,algorithms,easily,gradient
1383,1383,pricing,products,low,demands,bandit
1384,1384,dp,accuracy,underrepresented,faces,subgroups
1385,1385,riemannian,spd,matrices,manifold,batchnorm
1386,1386,brain,task,derived,responses,activity
1387,1387,capsule,scae,presences,templates,object
1388,1388,rms,observable,partially,reward,subproblems
1389,1389,views,mutual,maximizing,representations,multiple
1390,1390,mrfs,bethe,objective,energy,inference
1391,1391,memorization,memorize,hidden,capacity,memorizing
1392,1392,time,memory,lmus,legendre,windows
1393,1393,branching,branch,expert,combinatorial,graph
1394,1394,modular,glasso,latent,structure,computational
1395,1395,mutual,information,wasserstein,representations,incomplete
1396,1396,vcr,reasoning,visual,tab,answer
1397,1397,dynamics,architectures,cca,populations,brain
1398,1398,protein,dips,sasnet,end,structural
1399,1399,operators,family,stochastic,robust,reinforcement
1400,1400,self,supervision,robustness,supervised,uncertainty
1401,1401,groups,fair,representations,parity,discrimination
1402,1402,resnets,residual,block,predictor,minima
1403,1403,recurrent,reverse,sentiment,rnn,trained
1404,1404,behavioral,video,decoding,activity,cae
1405,1405,modalities,modal,coherent,criteria,experts
1406,1406,mcmc,proposal,adaptation,monte,carlo
1407,1407,disentanglement,real,world,experimental,variation
1408,1408,programmatic,propel,policies,policy,space
1409,1409,manipulation,data,weighting,adapts,learning
1410,1410,fairness,covering,social,pof,group
1411,1411,range,output,interval,abstraction,neural
1412,1412,preprocessing,time,siminelakis,charikar,query
1413,1413,pidforest,anomalies,anomaly,intuition,relatively
1414,1414,protein,proteins,design,sequence,structure
1415,1415,diagram,affine,maso,dn,power
1416,1416,examples,colliding,nets,adversarially,feature
1417,1417,structure,ease,teaching,language,communication
1418,1418,multitask,generalization,tasks,deep,physics
1419,1419,likelihood,optimistic,neighborhood,approximation,measure
1420,1420,explanations,examples,xp,ae,hitting
1421,1421,gnns,graph,isomorphism,power,graphs
1422,1422,surround,modulation,visual,cortex,convolutional
1423,1423,event,functional,time,self,attention
1424,1424,hashing,densification,permutation,bcws,jaccard
1425,1425,saes,spiking,hp,validation,activity
1426,1426,softmax,mixtape,bottleneck,5x,mos
